{"curves": {"Health care & social assistance": {"k": 0.732, "lam": 11.98, "survival": [1.0, 0.85, 0.763, 0.696, 0.639, 0.59, 0.547, 0.509, 0.475, 0.444, 0.416], "s5": 0.59}, "Finance & insurance": {"k": 0.821, "lam": 8.386, "survival": [1.0, 0.84, 0.735, 0.651, 0.58, 0.52, 0.468, 0.422, 0.382, 0.347, 0.315], "s5": 0.52}, "Education services": {"k": 0.724, "lam": 10.172, "survival": [1.0, 0.83, 0.735, 0.662, 0.601, 0.55, 0.505, 0.466, 0.432, 0.4, 0.372], "s5": 0.55}, "Manufacturing": {"k": 0.704, "lam": 8.414, "survival": [1.0, 0.8, 0.695, 0.616, 0.553, 0.5, 0.455, 0.415, 0.381, 0.35, 0.323], "s5": 0.5}, "Professional & technical services": {"k": 0.813, "lam": 7.316, "survival": [1.0, 0.82, 0.706, 0.616, 0.542, 0.48, 0.427, 0.381, 0.341, 0.306, 0.275], "s5": 0.48}, "Real estate": {"k": 0.793, "lam": 7.126, "survival": [1.0, 0.81, 0.694, 0.604, 0.531, 0.47, 0.418, 0.373, 0.334, 0.3, 0.27], "s5": 0.47}, "Retail trade": {"k": 0.758, "lam": 6.728, "survival": [1.0, 0.79, 0.671, 0.582, 0.51, 0.45, 0.4, 0.357, 0.32, 0.287, 0.259], "s5": 0.45}, "Information / tech": {"k": 0.827, "lam": 6.139, "survival": [1.0, 0.8, 0.673, 0.575, 0.496, 0.43, 0.375, 0.328, 0.288, 0.254, 0.224], "s5": 0.43}, "Construction": {"k": 0.76, "lam": 6.251, "survival": [1.0, 0.78, 0.657, 0.564, 0.49, 0.43, 0.379, 0.336, 0.299, 0.267, 0.24], "s5": 0.43}, "Transportation & warehousing": {"k": 0.827, "lam": 5.745, "survival": [1.0, 0.79, 0.658, 0.557, 0.476, 0.41, 0.355, 0.308, 0.268, 0.235, 0.206], "s5": 0.41}, "Restaurants & hospitality": {"k": 0.779, "lam": 5.593, "survival": [1.0, 0.77, 0.639, 0.54, 0.463, 0.4, 0.348, 0.304, 0.267, 0.235, 0.207], "s5": 0.4}}, "attr_names": ["initial employees", "VC-funded", "founder experience (yrs)", "urban location"], "attr_coef": [0.18529344722256888, 0.17511930896182892, 0.10904805293209159, 0.012543922764696954], "attr_mean": [24.888, 0.1825, 8.057971234636037, 0.643125], "attr_scale": [14.208358666644074, 0.3862560679134885, 4.703046010346402, 0.4790774826424278], "metrics": {"auc_base": 0.573, "auc_attr": 0.578, "auc_full": 0.607, "n": 8000}, "overall_s5": 0.475}